ensembl_gene_id,hgnc_symbol,epigenome_function,IS_chromatinopathy,chromatinopathy_OMIM_id,chromatinopathy_inheritance,chromatinopathy_name,hgnc_chr_location
ENSG00000075624,ACTB,Chromatin remodeling cofactor,TRUE,243310,AD,BARAITSER-WINTER SYNDROME 1; BRWS1. (Alternative name: FRYNS-AFTIMOS SYNDROME),07p22.1
ENSG00000077080,ACTL6B,Chromatin remodeling cofactor,TRUE,618468,AR,DEVELOPMENTAL AND EPILEPTIC ENCEPHALOPATHY 76; DEE76.,07q22.1
ENSG00000077080,ACTL6B,Chromatin remodeling cofactor,TRUE,618470,AD,INTELLECTUAL DEVELOPMENTAL DISORDER WITH SEVERE SPEECH AND AMBULATION DEFECTS; IDDSSAD.,07q22.1
ENSG00000101126,ADNP,Chromatin remodeling cofactor,TRUE,615873,AD,HELSMOORTEL-VAN DER AA SYNDROME; HVDAS.,20q13.13
ENSG00000111732,AICDA,DNA modification,TRUE,605258,AR,HYPER-IgM SYNDROME 2,12p13.31
ENSG00000160224,AIRE,"Histone modification read, TF",TRUE,240300,"AD, AR","AUTOIMMUNE POLYENDOCRINE SYNDROME, TYPE I, WITH OR WITHOUT REVERSIBLE METAPHYSEAL DYSPLASIA; APS1.",21q22.3
ENSG00000117713,ARID1A,Chromatin remodeling cofactor,TRUE,614607,AD,COFFIN-SIRIS SYNDROME 2; CSS2.,01p36.11
ENSG00000049618,ARID1B,Histone modification write,TRUE,135900,AD,COFFIN-SIRIS SYNDROME 1; CSS1.,06q25.3
ENSG00000189079,ARID2,Chromatin remodeling cofactor,TRUE,617808,AD,COFFIN-SIRIS SYNDROME 6; CSS6.,12q12
ENSG00000116539,ASH1L,Histone modification write,TRUE,617796,AD,MENTAL RETARDATION AUTOSOMAL DOMINANT 52; MRD52.,01q22
ENSG00000171456,ASXL1,"Histone modification erase, Polycomb group (PcG) protein",TRUE,605039,AD,BOHRING-OPITZ SYNDROME; BOPS.,20q11.21
ENSG00000143970,ASXL2,Histone modification read,TRUE,617190,AD,SHASHI-PENA SYNDROME; SHAPNS.,02p23.3
ENSG00000141431,ASXL3,"Scaffold protein, Polycomb group (PcG) protein",TRUE,615485,AD,BAINBRIDGE-ROPERS SYNDROME; BRPS.,18q12.1
ENSG00000149311,ATM,Histone modification write,TRUE,208900,AR,LOUIS-BAR SYNDROME.,11q22.3
ENSG00000111676,ATN1,Histone modification erase cofactor,TRUE,125370,AD,HAW RIVER SYNDROME; HRS.,12p13.31
ENSG00000175054,ATR,Histone modification write,TRUE,210600,AR,SECKEL SYNDROME 1; SCKL1.,03q23
ENSG00000175054,ATR,Histone modification write,TRUE,614564,AD,"CUTANEOUS TELANGIECTASIA AND CANCER SYNDROME, FAMILIAL; FCTCS.",03q23
ENSG00000085224,ATRX,Chromatin remodeling,TRUE,301040,XLD,"ALPHA-THALASSEMIA/MENTAL RETARDATION SYNDROME, X-LINKED; ATRX.",Xq21.1
ENSG00000085224,ATRX,Chromatin remodeling,TRUE,309580,XLR,"MENTAL RETARDATION-HYPOTONIC FACIES SYNDROME, X-LINKED, 1; MRXHF1. (Alternative names: SMITH-FINEMAN-MYERS SYNDROME 1, CARPENTER-WAZIRI SYNDROME, CHUDLEY-LOWRY SYNDROME, HOLMES-GANG SYNDROME)",Xq21.1
ENSG00000163930,BAP1,"Histone modification erase, Polycomb group (PcG) protein",TRUE,614327,AD,TUMOR PREDISPOSITION SYNDROME; TPDS.,03p21.1
ENSG00000183337,BCOR,Polycomb group (PcG) protein,TRUE,300166,XLD,"MICROPHTHALMIA, SYNDROMIC 2; MCOPS2.",Xp11.4
ENSG00000085185,BCORL1,Histone modification erase cofactor,TRUE,301029,XLR,SHUKLA-VERNON SYNDROME; SHUVER.,Xq26.1
ENSG00000171634,BPTF,Chromatin remodeling,TRUE,617755,AD,NEURODEVELOPMENTAL DISORDER WITH DYSMORPHIC FACIES AND DISTAL LIMB ANOMALIES; NEDDFL,17q24.2
ENSG00000012048,BRCA1,"Histone modification write cofactor, TF",TRUE,617883,AR,"FANCONI ANEMIA, COMPLEMENTATION GROUP S; FANCS",17q21.31
ENSG00000139618,BRCA2,Histone modification write,TRUE,605724,AR,"FANCONI ANEMIA, COMPLEMENTATION GROUP D1; FANCD1;;FAD1",13q13.1
ENSG00000156983,BRPF1,Histone modification read,TRUE,617333,AD,INTELLECTUAL DEVELOPMENTAL DISORDER WITH DYSMORPHIC FACIES AND PTOSIS; IDDDFP.,03p25.3
ENSG00000165288,BRWD3,Histone modification read,TRUE,300659,XLR,X-LINKED INTELLECTUAL DEVELOPMENTAL DISORDER 93; XLID93.,Xq21.1
ENSG00000094804,CDC6,Chromatin remodeling,TRUE,613805,AR,MEIER-GORLIN SYNDROME 5; MGORS5.,17q21.2
ENSG00000134371,CDC73,Histone modification write cofactor,TRUE,145001,AD,HYPERPARATHYROIDISM-JAW TUMOR SYNDROME; HPT-JT.,01q31.2
ENSG00000153922,CHD1,Chromatin remodeling,TRUE,617682,AD,PILAROWSKI-BJORNSSON SYNDROME; PILBOS.,05q15-q21.1
ENSG00000173575,CHD2,Chromatin remodeling,TRUE,615369,AD,DEVELOPMENTAL AND EPILEPTIC ENCEPHALOPATHY 94; DEE94.,15q26.1
ENSG00000170004,CHD3,Chromatin remodeling,TRUE,618205,AD,SNIJDERS BLOK-CAMPEAU SYNDROME; SNIBCPS.,17p13.1
ENSG00000111642,CHD4,Chromatin remodeling,TRUE,617159,AD,SIFRIM-HITZ-WEISS SYNDROME; SIHIWES.,12p13.31
ENSG00000171316,CHD7,Chromatin remodeling,TRUE,214800,AD,CHARGE SYNDROME.,08q12.2
ENSG00000171316,CHD7,Chromatin remodeling,TRUE,612370,AD,HYPOGONADOTROPIC HYPOGONADISM 5 WITH OR WITHOUT ANOSMIA; HH5.,08q12.2
ENSG00000213341,CHUK,Histone modification write,TRUE,613630,AR,FETAL ENCASEMENT SYNDROME.,10q24.31
ENSG00000213341,CHUK,Histone modification write,TRUE,619339,AR,BARTSOCAS-PAPAS SYNDROME 2; BPS2.,10q24.31
ENSG00000148204,CRB2,Histone modification read,TRUE,219730,AR,VENTRICULOMEGALY WITH CYSTIC KIDNEY DISEASE; VMCKD. (Alternative name: genetic steroid-resistant nephrotic syndrome),09q33.3
ENSG00000148204,CRB2,Histone modification read,TRUE,616220,AR,FOCAL SEGMENTAL GLOMERULOSCLEROSIS 9; FSGS9. (Alternative name: genetic steroid-resistant nephrotic syndrome),09q33.3
ENSG00000005339,CREBBP,Histone modification write,TRUE,180849,AD,RUBINSTEIN-TAYBI SYNDROME 1; RSTS1.,16p13.3
ENSG00000005339,CREBBP,Histone modification write,TRUE,618332,AD,MENKE-HENNEKAM SYNDROME 1; MKHK1.,16p13.3
ENSG00000101266,CSNK2A1,Histone modification,TRUE,617062,AD,OKUR-CHUNG NEURODEVELOPMENTAL SYNDROME; OCNDS.,20p13
ENSG00000159692,CTBP1,Chromatin remodeling,TRUE,194190,AD,WOLF-HIRSCHHORN SYNDROME; WHS.,04p16.3
ENSG00000159692,CTBP1,Chromatin remodeling,TRUE,617915,AD,"HYPOTONIA, ATAXIA, DEVELOPMENTAL DELAY, AND TOOTH ENAMEL DEFECT SYNDROME; HADDTS.",04p16.3
ENSG00000102974,CTCF,"Chromatin remodeling, TF",TRUE,615502,AD,MENTAL RETARDATION AUTOSOMAL DOMINANT 21; MRD21.,16q22.1
ENSG00000036257,CUL3,Histone modification write,TRUE,619239,AD,NEURODEVELOPMENTAL DISORDER WITH OR WITHOUT AUTISM OR SEIZURES; NEDAUS.,02q36.2
ENSG00000158290,CUL4B,Histone modification write,TRUE,300354,XLR,"MENTAL RETARDATION, X-LINKED, SYNDROMIC, CABEZAS TYPE; MRXSC. (Alternative name: CABEZAS SYNDROME)",Xq24
ENSG00000167986,DDB1,Histone modification write,TRUE,619426,AD,WHITE-KERNOHAN SYNDROME; WHIKERS.,11q12.2
ENSG00000130816,DNMT1,DNA modification,TRUE,604121,AD,"CEREBELLAR ATAXIA, DEAFNESS, AND NARCOLEPSY, AUTOSOMAL DOMINANT; ADCADN.",19p13.2
ENSG00000130816,DNMT1,DNA modification,TRUE,614116,AD,"NEUROPATHY, HEREDITARY SENSORY, TYPE IE; HSN1E.",19p13.2
ENSG00000119772,DNMT3A,DNA modification,TRUE,615879,AD,TATTON-BROWN-RAHMAN SYNDROME; TBRS.,02p23.3
ENSG00000119772,DNMT3A,DNA modification,TRUE,618724,AD,HEYN-SPROUL-JACKSON SYNDROME; HESJAS.,02p23.3
ENSG00000088305,DNMT3B,DNA modification,TRUE,242860,AR,IMMUNODEFICIENCY-CENTROMERIC INSTABILITY-FACIAL ANOMALIES SYNDROME 1; ICF1.,20q11.21
ENSG00000133884,DPF2,Chromatin remodeling,TRUE,618027,AD,COFFIN-SIRIS SYNDROME 7; CSS7.,11q13.1
ENSG00000074266,EED,Polycomb group (PcG) protein,TRUE,617561,AD,COHEN-GIBSON SYNDROME; COGIS.,11q14.2
ENSG00000181090,EHMT1,Histone modification write,TRUE,610253,AD,KLEEFSTRA SYNDROME 1; KLEFS1.,09q34.3
ENSG00000070061,ELP1,Scaffold protein,TRUE,223900,AR,"NEUROPATHY, HEREDITARY SENSORY AND AUTONOMIC, TYPE III; HSAN3. (Alternative name: RILEY-DAY SYNDROME)",09q31.3
ENSG00000100393,EP300,Histone modification write,TRUE,613684,AD,RUBINSTEIN-TAYBI SYNDROME 2; RSTS2.,22q13.2
ENSG00000100393,EP300,Histone modification write,TRUE,618333,AD,MENKE-HENNEKAM SYNDROME 2; MKHK2.,22q13.2
ENSG00000225830,ERCC6,Chromatin remodeling,TRUE,133540,AR,COCKAYNE SYNDROME B; CSB.,10q11.23
ENSG00000225830,ERCC6,Chromatin remodeling,TRUE,214150,AR,CEREBROOCULOFACIOSKELETAL SYNDROME 1; COFS1.,10q11.23
ENSG00000225830,ERCC6,Chromatin remodeling,TRUE,278800,AR,DE SANCTIS-CACCHIONE SYNDROME.,10q11.23
ENSG00000225830,ERCC6,Chromatin remodeling,TRUE,600630,AR,UV-SENSITIVE SYNDROME 1; UVSS1.,10q11.23
ENSG00000130713,EXOSC2,"Scaffold protein, RNA modification",TRUE,617763,AR,Retinitis pigmentosa-hearing loss-premature aging-short stature-facial dysmorphism syndrome,09q34.12
ENSG00000104313,EYA1,Histone modification erase,TRUE,113650,AD,BRANCHIOOTORENAL SYNDROME 1; BOR1. (Alternative name: MELNICK-FRASER SYNDROME),08q13.3
ENSG00000104313,EYA1,Histone modification erase,TRUE,166780,AD,OTOFACIOCERVICAL SYNDROME 1; OTFCS.,08q13.3
ENSG00000104313,EYA1,Histone modification erase,TRUE,602588,AD,BRANCHIOOTIC SYNDROME 1; BOS1.,08q13.3
ENSG00000106462,EZH2,"Histone modification write, Polycomb group (PcG) protein",TRUE,277590,AD,WEAVER SYNDROME; WVS.,07q36.1
ENSG00000114861,FOXP1,"Recruits specific chromatin-modifying complexes with HDAC activity, TF",TRUE,613670,AD,MENTAL RETARDATION WITH LANGUAGE IMPAIRMENT AND WITH OR WITHOUT AUTISTIC FEATURES.,03p13
ENSG00000128573,FOXP2,"Recruits specific chromatin-modifying complexes with HDAC activity, TF",TRUE,602081,AD,SPEECH AND LANGUAGE DISORDER WITH OROFACIAL DYSPRAXIA.,07q31.1
ENSG00000049768,FOXP3,"Recruits specific chromatin-modifying complexes with HDAC activity, TF",TRUE,304790,XLR,"IMMUNODYSREGULATION, POLYENDOCRINOPATHY, AND ENTEROPATHY, X-LINKED syndrome; IPEX.",Xp11.23
ENSG00000143614,GATAD2B,Histone modification read,TRUE,615074,AD,GAND SYNDROME; GAND.,01q21.3
ENSG00000172534,HCFC1,Chromatin remodeling,TRUE,309541,XLR,"MENTAL RETARDATION, X-LINKED 3; MRX3.",Xq28
ENSG00000068024,HDAC4,Histone modification erase,TRUE,600430,AD,CHROMOSOME 2q37 DELETION SYNDROME. (Alternative name: BRACHYDACTYLY-MENTAL RETARDATION SYNDROME),02q37.3
ENSG00000147099,HDAC8,Histone modification erase,TRUE,300882,XLD,CORNELIA DE LANGE SYNDROME 5; CDLS5.,Xq13.1
ENSG00000119969,HELLS,Chromatin remodeling,TRUE,616911,AR,IMMUNODEFICIENCY-CENTROMERIC INSTABILITY-FACIAL ANOMALIES SYNDROME 4; ICF4.,10q23.33
ENSG00000086758,HUWE1,Histone modification write,TRUE,309590,"XLD, XLR","MENTAL RETARDATION, X-LINKED, SYNDROMIC, TURNER TYPE; MRXST. (Alternative names: JUBERG-MARSIDI SYNDROME, BROOKS-WISNIEWSKI-BROWN SYNDROME)",Xp11.22
ENSG00000120071,KANSL1,Histone modification write cofactor,TRUE,610443,AD,KOOLEN-DE VRIES SYNDROME; KDVS.,17q21.31
ENSG00000172977,KAT5,Histone modification write,TRUE,619103,AD,"NEURODEVELOPMENTAL DISORDER WITH DYSMORPHIC FACIES, SLEEP DISTURBANCE, AND BRAIN ABNORMALITIES; NEDFASB.",11q13.1
ENSG00000083168,KAT6A,Histone modification write,TRUE,616268,AD,ARBOLEDA-THAM SYNDROME; ARTHS. (Alternative name: KAT6A SYNDROME),08p11.21
ENSG00000156650,KAT6B,Histone modification write,TRUE,603736,AD,"SAY-BARBER-BIESECKER-YOUNG-SIMPSON SYNDROME;SBBYSS. (Alternative name: OHDO SYNDROME, SBBYS VARIANT)",10q22.2
ENSG00000156650,KAT6B,Histone modification write,TRUE,606170,AD,GENITOPATELLAR SYNDROME; GTPTS.,10q22.2
ENSG00000103510,KAT8,Histone modification write,TRUE,618974,AD,LI-GHORBANI-WEISZ-HUBSHMAN SYNDROME; LIGOWS.,16p11.2
ENSG00000004487,KDM1A,Histone modification erase,TRUE,616728,AD,"CLEFT PALATE, PSYCHOMOTOR RETARDATION, AND DISTINCTIVE FACIAL FEATURES; CPRF.",01p36.12
ENSG00000120733,KDM3B,Histone modification erase,TRUE,618846,AD,DIETS-JONGMANS SYNDROME; DIJOS.,05q31.2
ENSG00000127663,KDM4B,Histone modification erase,TRUE,619320,AD,"MENTAL RETARDATION AUTOSOMAL DOMINANT 65, MRD65.",19p13.3
ENSG00000117139,KDM5B,Histone modification erase,TRUE,618109,AR,MENTAL RETARDATION AUTOSOMAL RECESSIVE 65; MRT65,01q32.1
ENSG00000126012,KDM5C,Histone modification erase,TRUE,300534,XLR,"MENTAL RETARDATION, X-LINKED, SYNDROMIC, CLAES-JENSEN TYPE; MRXSCJ.",Xp11.22
ENSG00000147050,KDM6A,Histone modification erase,TRUE,300867,XLD,KABUKI SYNDROME 2; KABUK2.,Xp11.3
ENSG00000132510,KDM6B,Histone modification erase,TRUE,618505,AD,NEURODEVELOPMENTAL DISORDER WITH COARSE FACIES AND MILD DISTAL SKELETAL ABNORMALITIES; NEDCFSA.,17p13.1
ENSG00000118058,KMT2A,Histone modification write,TRUE,605130,AD,WIEDEMANN-STEINER SYNDROME; WDSTS.,11q23.3
ENSG00000055609,KMT2C,Histone modification write,TRUE,617768,AD,KLEEFSTRA SYNDROME 2; KLEFS2.,07q36.1
ENSG00000167548,KMT2D,Histone modification write,TRUE,147920,AD,KABUKI SYNDROME 1; KABUK1.,12q13.12
ENSG00000005483,KMT2E,Histone modification write,TRUE,618512,AD,O'DONNELL-LURIA-RODAN SYNDROME; ODLURO.,07q22.3
ENSG00000110066,KMT5B,Histone modification write,TRUE,617788,AD,MENTAL RETARDATION AUTOSOMAL DOMINANT 51; MRD51.,11q13.2
ENSG00000001497,LAS1L,Histone modification write cofactor,TRUE,309585,XLR,WILSON-TURNER X-LINKED MENTAL RETARDATION SYNDROME.,Xq12
ENSG00000143815,LBR,Anchors the lamina and the heterochromatin to the inner nuclear membrane.,TRUE,613471,AD,REYNOLDS SYNDROME.,01q42.12
ENSG00000135341,MAP3K7,Histone modification write,TRUE,157800,AD,CARDIOSPONDYLOCARPOFACIAL SYNDROME; CSCF.,06q15
ENSG00000204406,MBD5,Chromatin remodeling,TRUE,156200,AD,MENTAL RETARDATION AUTOSOMAL DOMINANT 1; MRD1.,02q23.2
ENSG00000169057,MECP2,"Histone modification write cofactor, TF",TRUE,300055,XLR,"MENTAL RETARDATION, X-LINKED, SYNDROMIC 13; MRXS13.",Xq28
ENSG00000169057,MECP2,"Histone modification write cofactor, TF",TRUE,300260,XLR,LUBS X-LINKED MENTAL RETARDATION SYNDROME; MRXSL. (Alternative name: MECP2 DUPLICATION SYNDROME),Xq28
ENSG00000169057,MECP2,"Histone modification write cofactor, TF",TRUE,312750,XLD,RETT SYNDROME; RTT.,Xq28
ENSG00000133895,MEN1,Histone modification write cofactor,TRUE,131100,AD,WERMER SYNDROME (Alternative name: MEN1 syndrome),11q13
ENSG00000116062,MSH6,Histone modification read,TRUE,619097,AR,MISMATCH REPAIR CANCER SYNDROME 3; MMRCS3.,02p16.3
ENSG00000005302,MSL3,Histone modification read,TRUE,301032,XLD,BASILICATA-AKHTAR SYNDROME.,Xp22.2
ENSG00000162601,MYSM1,Histone modification erase,TRUE,618116,AR,BONE MARROW FAILURE SYNDROME 4; BMFS4.,01p32.1
ENSG00000104320,NBN,Chromatin remodeling,TRUE,251260,AR,NIJMEGEN BREAKAGE SYNDROME; NBS.,08q21.3
ENSG00000119638,NEK9,Histone modification write,TRUE,617022,AR,LETHAL CONGENITAL CONTRACTURE SYNDROME 10; LCCS10.,14q24.3
ENSG00000164190,NIPBL,Histone modification erase cofactor,TRUE,122470,AD,CORNELIA DE LANGE SYNDROME 1; CDLS1.,05p13.2
ENSG00000165671,NSD1,Histone modification write,TRUE,117550,AD,SOTOS SYNDROME 1.,05q35.3
ENSG00000109685,NSD2,Histone modification write,TRUE,194190,AD,WOLF-HIRSCHHORN SYNDROME; WHS.,04p16.3
ENSG00000147162,OGT,Histone modification write,TRUE,300997,XLR,X-LINKED INTELLECTUAL DEVELOPMENTAL DISORDER 106; XLID106.,Xq13.1
ENSG00000142619,PADI3,Histone modification,TRUE,191480,AR,UNCOMBABLE HAIR SYNDROME 1; UHS1.,01p36.13
ENSG00000277258,PCGF2,Polycomb group (PcG) protein,TRUE,618371,AD,TURNPENNY-FRY SYNDROME; TPFS.,17q12
ENSG00000132646,PCNA,Chromatin remodeling,TRUE,615919,AR,ATAXIA-TELANGIECTASIA-LIKE DISORDER 2; ATLD2.,20p12.3
ENSG00000135365,PHF21A,Histone modification erase cofactor,TRUE,618725,AD,INTELLECTUAL DEVELOPMENTAL DISORDER WITH BEHAVIORAL ABNORMALITIES AND CRANIOFACIAL DYSMORPHISM WITH OR WITHOUT SEIZURES; IDDBCS.,11p11.2
ENSG00000172943,PHF8,Histone modification erase,TRUE,300263,XLR,"MENTAL RETARDATION, X-LINKED, SYNDROMIC, SIDERIUS TYPE; MRXSSD.",Xp11.22
ENSG00000146247,PHIP,Histone modification read,TRUE,617991,AD,CHUNG-JANSEN SYNDROME; CHUJANS.,06q14.1
ENSG00000143442,POGZ,Histone modification read,TRUE,616364,AD,WHITE-SUTTON SYNDROME; WHSUS.,01q21.3
ENSG00000113575,PPP2CA,Histone modification write,TRUE,618354,AD,NEURODEVELOPMENTAL DISORDER AND LANGUAGE DELAY WITH OR WITHOUT STRUCTURAL BRAIN ABNORMALITIES; NEDLBA.,05q31.1
ENSG00000106617,PRKAG2,Histone modification write cofactor,TRUE,194200,AD,WOLFF-PARKINSON-WHITE SYNDROME.,07q36.1
ENSG00000163932,PRKCD,Histone modification,TRUE,615559,AR,"AUTOIMMUNE LYMPHOPROLIFERATIVE SYNDROME, TYPE III; ALPS3.",03p21.1
ENSG00000132600,PRMT7,Histone modification write,TRUE,617157,AR,"SHORT STATURE, BRACHYDACTYLY, IMPAIRED INTELLECTUAL DEVELOPMENT, AND SEIZURES; SBIDDS.",16q22.1
ENSG00000051180,RAD51,Histone modification erase,TRUE,617244,AD,"FANCONI ANEMIA, COMPLEMENTATION GROUP R; FANCR.",15q15.1
ENSG00000166349,RAG1,Histone modification write,TRUE,603554,AR,OMENN SYNDROME.,11p12
ENSG00000175097,RAG2,Histone modification read,TRUE,603554,AR,OMENN SYNDROME.,11p12
ENSG00000108557,RAI1,Chromatin remodeling,TRUE,182290,AD,SMITH-MAGENIS SYNDROME; SMS.,17p11.2
ENSG00000131263,RLIM,Histone modification erase cofactor,TRUE,300978,XLR,TONNE-KALSCHEUER SYNDROME; TOKAS.,Xq13.2
ENSG00000163961,RNF168,Histone modification write,TRUE,611943,AR,RIDDLE SYNDROME; RIDL.,03q29
ENSG00000121481,RNF2,Histone modification write,TRUE,619460,AD,LUO-SCHOCH-YAMAMOTO SYNDROME; LUSYAM.,01q25.3
ENSG00000177189,RPS6KA3,Histone modification write cofactor,TRUE,303600,XLD,COFFIN-LOWRY SYNDROME; CLS.,Xp22.12
ENSG00000177189,RPS6KA3,Histone modification write cofactor,TRUE,300844,XLD,X-LINKED INTELLECTUAL DEVELOPMENTAL DISORDER 19; XLID19.,Xp22.12
ENSG00000182568,SATB1,Chromatin remodeling cofactor,TRUE,619229,AD,KOHLSCHUTTER-TONZ SYNDROME-LIKE; KTZSL.,03p24.3
ENSG00000182568,SATB1,Chromatin remodeling cofactor,TRUE,619228,AD,DEVELOPMENTAL DELAY WITH DYSMORPHIC FACIES AND DENTAL ANOMALIES; DEFDA.,03p24.3
ENSG00000119042,SATB2,Chromatin remodeling cofactor,TRUE,612313,AD,GLASS SYNDROME.,02q33.1
ENSG00000119335,SET,Histone modification,TRUE,618106,AD,MENTAL RETARDATION AUTOSOMAL DOMINANT 58; MRD58.,09q34.11
ENSG00000099381,SETD1A,Histone modification write,TRUE,618832,AD,"EPILEPSY, EARLY-ONSET, WITH OR WITHOUT DEVELOPMENTAL DELAY; EPEDD.",16p11.2
ENSG00000099381,SETD1A,Histone modification write,TRUE,619056,AD,NEURODEVELOPMENTAL DISORDER WITH SPEECH IMPAIRMENT AND DYSMORPHIC FACIES; NEDSID.,16p11.2
ENSG00000139718,SETD1B,Histone modification write,TRUE,619000,AD,INTELLECTUAL DEVELOPMENTAL DISORDER WITH SEIZURES AND LANGUAGE DELAY; IDDSELD.,12q24.31
ENSG00000181555,SETD2,Histone modification write,TRUE,616831,AD,LUSCAN-LUMISH SYNDROME; LLS.,03p21.31
ENSG00000168137,SETD5,Histone modification write,TRUE,615761,AD,MENTAL RETARDATION AUTOSOMAL DOMINANT 23; MRD23,03p25.3
ENSG00000169375,SIN3A,"Histone modification erase cofactor, TF",TRUE,613406,AD,WITTEVEEN-KOLK SYNDROME; WITKOS.,15q24.2
ENSG00000080503,SMARCA2,"Histone modification read, TF",TRUE,601358,AD,NICOLAIDES-BARAITSER SYNDROME; NCBRS.,09p24.3
ENSG00000080503,SMARCA2,"Histone modification read, TF",TRUE,619293,AD,BLEPHAROPHIMOSIS-IMPAIRED INTELLECTUAL DEVELOPMENT SYNDROME; BIS.,09p24.3
ENSG00000127616,SMARCA4,"Histone modification read, TF",TRUE,613325,AD,RHABDOID TUMOR PREDISPOSITION SYNDROME 2; RTPS2.,19p13.2
ENSG00000127616,SMARCA4,"Histone modification read, TF",TRUE,614609,AD,COFFIN-SIRIS SYNDROME 4; CSS4.,19p13.2
ENSG00000163104,SMARCAD1,Chromatin remodeling,TRUE,129200,AD,BASAN SYNDROME.,04q22.3
ENSG00000163104,SMARCAD1,Chromatin remodeling,TRUE,181600,AD,HURIEZ SYNDROME; HRZ.,04q22.3
ENSG00000099956,SMARCB1,Histone modification read,TRUE,609322,AD,RHABDOID TUMOR PREDISPOSITION SYNDROME 1; RTPS1.,22q11.23
ENSG00000099956,SMARCB1,Histone modification read,TRUE,614608,AD,COFFIN-SIRIS SYNDROME 3; CSS3.,22q11.23
ENSG00000139613,SMARCC2,Chromatin remodeling cofactor,TRUE,618362,AD,COFFIN-SIRIS SYNDROME 8; CSS8.,12q13.2
ENSG00000066117,SMARCD1,Chromatin remodeling,TRUE,618779,AD,COFFIN-SIRIS SYNDROME 11; CSS11.,12q13.12
ENSG00000073584,SMARCE1,Chromatin remodeling cofactor,TRUE,616938,AD,COFFIN-SIRIS SYNDROME 5; CSS5.,17q21.2
ENSG00000019549,SNAI2,Histone modification erase cofactor,TRUE,608890,AR,"WAARDENBURG SYNDROME, TYPE 2D.",08q11.21
ENSG00000121067,SPOP,Histone modification write,TRUE,618828,AD,"NABAIS SA-DE VRIES SYNDROME, TYPE 1; NSDVS1.",17q21.33
ENSG00000121067,SPOP,Histone modification write,TRUE,618829,AD,"NABAIS SA-DE VRIES SYNDROME, TYPE 2; NSDVS2.",17q21.33
ENSG00000080603,SRCAP,"Chromatin remodeling, Histone modification erase",TRUE,619595,AD,"DEVELOPMENTAL DELAY, HYPOTONIA, MUSCULOSKELETAL DEFECTS, AND BEHAVIORAL ABNORMALITIES; DEHMBA",16p11.2
ENSG00000080603,SRCAP,"Chromatin remodeling, Histone modification erase",TRUE,136140,AD,FLOATING-HARBOR SYNDROME; FLHS.,16p11.2
ENSG00000092201,SUPT16H,Histone modification read,TRUE,619480,AD,NEURODEVELOPMENTAL DISORDER WITH DYSMORPHIC FACIES AND THIN CORPUS CALLOSUM; NEDDFAC.,14q11.2
ENSG00000178691,SUZ12,"Histone modification write cofactor, Polycomb group (PcG) protein, TF",TRUE,618786,AD,IMAGAWA-MATSUMOTO SYNDROME; IMMAS.,17q11.2
ENSG00000147133,TAF1,Histone modification write,TRUE,300966,XLR,"MENTAL RETARDATION, X-LINKED, SYNDROMIC 33; MRXS33.",Xq13.1
ENSG00000147133,TAF1,Histone modification write,TRUE,314250,XLR,X-linked torsion dystonia-parkinsonism syndrome. (Alternative name: Lubag Syndrome),Xq13.1
ENSG00000064313,TAF2,"Part of novel TFTC-HAT complex, TF",TRUE,615599,AR,MENTAL RETARDATION AUTOSOMAL RECESSIVE 40; MRT40.,08q24.12
ENSG00000106290,TAF6,Histone chaperone,TRUE,617126,AR,ALAZAMI-YUAN SYNDROME; ALYUS.,07q22.1
ENSG00000177565,TBL1XR1,Targets NCoR repressive complex to deacethylated histones.,TRUE,602342,AD,PIERPONT SYNDROME; PRPTS.,03q26.32
ENSG00000177565,TBL1XR1,Targets NCoR repressive complex to deacethylated histones.,TRUE,616944,AD,MENTAL RETARDATION AUTOSOMAL DOMINANT 41; MRD41.,03q26.32
ENSG00000187605,TET3,DNA modification,TRUE,618798,"AD, AR",BECK-FAHRNER SYNDROME; BEFAHRS.,02p13.1
ENSG00000146872,TLK2,Histone modification write,TRUE,618050,AD,MENTAL RETARDATION AUTOSOMAL DOMINANT 57; MRD57.,17q23.2
ENSG00000141510,TP53,"Histone modification write cofactor, TF",TRUE,151623,AD,LI-FRAUMENI SYNDROME; LFS.,17p13.1
ENSG00000141510,TP53,"Histone modification write cofactor, TF",TRUE,618165,AD,BONE MARROW FAILURE SYNDROME 5; BMFS5.,17p13.1
ENSG00000196367,TRRAP,Histone modification write cofactor,TRUE,618454,AD,DEVELOPMENTAL DELAY WITH OR WITHOUT DYSMORPHIC FACIES AND AUTISM; DEDDFA.,07q22.1
ENSG00000077721,UBE2A,Histone modification write,TRUE,300860,XLR,"MENTAL RETARDATION, X-LINKED, SYNDROMIC, NASCIMENTO TYPE; MRXSN.",Xq24
ENSG00000187555,USP7,"Histone modification erase, DNA modification cofactor",TRUE,616863,AD,HAO-FOUNTAIN SYNDROME; HAFOUS.,16p13.2
ENSG00000111424,VDR,"Chromatin remodeling cofactor, TF",TRUE,277440,AR,RICKETS-ALOPECIA SYNDROME,12q13.11
ENSG00000100749,VRK1,Histone modification write,TRUE,607596,AR,"PONTOCEREBELLAR HYPOPLASIA, TYPE 1A; PCH1A.",14q32.2
ENSG00000095787,WAC,Histone modification write cofactor,TRUE,616708,AD,DESANTO-SHINAWI SYNDROME; DESSH.,10p12.1
ENSG00000100811,YY1,"Chromatin remodeling cofactor, TF",TRUE,617557,AD,GABRIELE-DE VRIES SYNDROME; GADEVS.,14q32.2
ENSG00000015171,ZMYND11,Histone modification read,TRUE,616083,AD,MENTAL RETARDATION AUTOSOMAL DOMINANT 30; MRD30.,10p15.3
ENSG00000147180,ZNF711,Histone modification erase cofactor,TRUE,300803,XLR,X-LINKED INTELLECTUAL DEVELOPMENTAL DISORDER 97; XLID97.,Xq21.1
ENSG00000167674,HDGFL2,Histone modification read,FALSE,NA,NA,NA,19p13.3
ENSG00000148584,A1CF,RNA modification,FALSE,NA,NA,NA,10q11.23
ENSG00000136518,ACTL6A,Chromatin remodeling cofactor,FALSE,NA,NA,NA,03q26.33
ENSG00000133627,ACTR3B,Chromatin remodeling,FALSE,NA,NA,NA,07q36.1-q36.2
ENSG00000101442,ACTR5,Chromatin remodeling,FALSE,NA,NA,NA,20q11.23
ENSG00000075089,ACTR6,Chromatin remodeling cofactor,FALSE,NA,NA,NA,12q23.1
ENSG00000113812,ACTR8,Histone modification read,FALSE,NA,NA,NA,03p21.1
ENSG00000139154,AEBP2,Histone modification write cofactor,FALSE,NA,NA,NA,12p12.3
ENSG00000100601,ALKBH1,Histone modification,FALSE,NA,NA,NA,14q24.3
ENSG00000133302,SLF1,Histone modification read,FALSE,NA,NA,NA,05q15
ENSG00000140350,ANP32A,Chromatin remodeling cofactor,FALSE,NA,NA,NA,15q23
ENSG00000136938,ANP32B,Histone chaperone,FALSE,NA,NA,NA,09q22.33
ENSG00000143401,ANP32E,"Histone chaperone, Histone modification read",FALSE,NA,NA,NA,01q21.2
ENSG00000166313,APBB1,Histone modification,FALSE,NA,NA,NA,11p15.4
ENSG00000100823,APEX1,DNA modification cofactor,FALSE,NA,NA,NA,14q11.2
ENSG00000111701,APOBEC1,"DNA modification, RNA modification",FALSE,NA,NA,NA,12p13.31
ENSG00000124701,APOBEC2,"DNA modification, RNA modification",FALSE,NA,NA,NA,06p21.1
ENSG00000128383,APOBEC3A,"DNA modification, RNA modification",FALSE,NA,NA,NA,22q13.1
ENSG00000179750,APOBEC3B,"DNA modification, RNA modification",FALSE,NA,NA,NA,22q13.1
ENSG00000244509,APOBEC3C,"DNA modification, RNA modification",FALSE,NA,NA,NA,22q13.1
ENSG00000243811,APOBEC3D,"DNA modification, RNA modification",FALSE,NA,NA,NA,22q13.1
ENSG00000128394,APOBEC3F,"DNA modification, RNA modification",FALSE,NA,NA,NA,22q13.1
ENSG00000239713,APOBEC3G,"DNA modification, RNA modification",FALSE,NA,NA,NA,22q13.1
ENSG00000100298,APOBEC3H,"DNA modification, RNA modification",FALSE,NA,NA,NA,22q13.1
ENSG00000032219,ARID4A,Histone modification write cofactor,FALSE,NA,NA,NA,14q23.1
ENSG00000054267,ARID4B,Histone modification write cofactor,FALSE,NA,NA,NA,01q42.3
ENSG00000133794,BMAL1,"Histone modification write cofactor, TF",FALSE,NA,NA,NA,11p15.3
ENSG00000137486,ARRB1,Histone modification,FALSE,NA,NA,NA,11q13.4
ENSG00000111875,ASF1A,Histone chaperone,FALSE,NA,NA,NA,06q22.31
ENSG00000105011,ASF1B,Histone chaperone,FALSE,NA,NA,NA,19p13.12
ENSG00000129691,ASH2L,Histone modification write cofactor,FALSE,NA,NA,NA,08p11.23
ENSG00000156802,ATAD2,Chromatin remodeling,FALSE,NA,NA,NA,08q24.13
ENSG00000119778,ATAD2B,Histone modification read,FALSE,NA,NA,NA,02p24.1-p23.3
ENSG00000115966,ATF2,"Histone modification write, TF",FALSE,NA,NA,NA,02q31.1
ENSG00000171681,ATF7IP,Histone modification write cofactor,FALSE,NA,NA,NA,12p13.1
ENSG00000163635,ATXN7,Histone modification write cofactor,FALSE,NA,NA,NA,03p14.1
ENSG00000087152,ATXN7L3,Histone modification erase cofactor,FALSE,NA,NA,NA,17q21.31
ENSG00000087586,AURKA,Histone modification write,FALSE,NA,NA,NA,20q13.2
ENSG00000178999,AURKB,Histone modification write,FALSE,NA,NA,NA,17p13.1
ENSG00000105146,AURKC,Histone modification write,FALSE,NA,NA,NA,19q13.43
ENSG00000105393,BABAM1,Histone modification erase cofactor,FALSE,NA,NA,NA,19p13.11
ENSG00000140320,BAHD1,Chromatin remodeling,FALSE,NA,NA,NA,15q15.1
ENSG00000172530,BANP,Histone modification write,FALSE,NA,NA,NA,16q24.2
ENSG00000138376,BARD1,Histone modification write,FALSE,NA,NA,NA,02q35
ENSG00000198604,BAZ1A,Histone chaperone,FALSE,NA,NA,NA,14q13.1-q13.2
ENSG00000009954,BAZ1B,Histone modification write,FALSE,NA,NA,NA,07q11.23
ENSG00000076108,BAZ2A,"Chromatin remodeling, Histone modification erase",FALSE,NA,NA,NA,12q13.3
ENSG00000123636,BAZ2B,Histone modification read,FALSE,NA,NA,NA,02q24.2
ENSG00000168283,BMI1,Polycomb group (PcG) protein,FALSE,NA,NA,NA,10p12.2
ENSG00000185515,BRCC3,Histone modification erase,FALSE,NA,NA,NA,Xq28
ENSG00000100425,BRD1,Histone modification read,FALSE,NA,NA,NA,22q13.33
ENSG00000204256,BRD2,Histone modification read,FALSE,NA,NA,NA,06p21.32
ENSG00000169925,BRD3,Histone modification read,FALSE,NA,NA,NA,09q34.2
ENSG00000141867,BRD4,Histone modification read,FALSE,NA,NA,NA,19p13.12
ENSG00000166164,BRD7,Histone modification read,FALSE,NA,NA,NA,16q12.1
ENSG00000112983,BRD8,Histone modification read,FALSE,NA,NA,NA,05q31.2
ENSG00000028310,BRD9,Histone modification read,FALSE,NA,NA,NA,05p15.33
ENSG00000137948,BRDT,Histone modification read,FALSE,NA,NA,NA,01p22.1
ENSG00000158019,BABAM2,Histone modification write cofactor,FALSE,NA,NA,NA,02p23.2
ENSG00000174744,BRMS1,Chromatin remodeling,FALSE,NA,NA,NA,11q13.2
ENSG00000100916,BRMS1L,Histone modification erase,FALSE,NA,NA,NA,14q13.2
ENSG00000096070,BRPF3,Histone modification write cofactor,FALSE,NA,NA,NA,06p21.31
ENSG00000185658,BRWD1,Histone modification read,FALSE,NA,NA,NA,21q22.2
ENSG00000169679,BUB1,Histone modification write,FALSE,NA,NA,NA,02q13
ENSG00000158636,EMSY,Histone modification write cofactor,FALSE,NA,NA,NA,11q13.5
ENSG00000170468,RIOX1,Histone modification erase,FALSE,NA,NA,NA,14q24.3
ENSG00000258315,C17orf49,Histone modification read,FALSE,NA,NA,NA,17p13.1
ENSG00000142453,CARM1,Histone modification write,FALSE,NA,NA,NA,19p13.2
ENSG00000108468,CBX1,Histone modification read,FALSE,NA,NA,NA,17q21.32
ENSG00000173894,CBX2,Histone modification read,FALSE,NA,NA,NA,17q25.3
ENSG00000122565,CBX3,Histone modification read,FALSE,NA,NA,NA,07p15.2
ENSG00000141582,CBX4,Histone modification read,FALSE,NA,NA,NA,17q25.3
ENSG00000094916,CBX5,Histone modification read,FALSE,NA,NA,NA,12q13.13
ENSG00000183741,CBX6,Histone modification read,FALSE,NA,NA,NA,22q13.1
ENSG00000100307,CBX7,Histone modification read,FALSE,NA,NA,NA,22q13.1
ENSG00000141570,CBX8,Histone modification read,FALSE,NA,NA,NA,17q25.3
ENSG00000176476,SGF29,Histone modification read,FALSE,NA,NA,NA,16p11.2
ENSG00000170312,CDK1,Histone modification write,FALSE,NA,NA,NA,10q21.2
ENSG00000059758,CDK17,Histone modification write,FALSE,NA,NA,NA,12q23.1
ENSG00000123374,CDK2,Histone modification write,FALSE,NA,NA,NA,12q13.2
ENSG00000250506,CDK3,Histone modification write,FALSE,NA,NA,NA,17q25.1
ENSG00000164885,CDK5,Histone modification write,FALSE,NA,NA,NA,07q36.1
ENSG00000134058,CDK7,Histone modification write,FALSE,NA,NA,NA,05q13.2
ENSG00000136807,CDK9,Histone modification cofactor,FALSE,NA,NA,NA,09q34.11
ENSG00000172288,CDY1,Histone modification write,FALSE,NA,NA,NA,Yq11.23
ENSG00000172352,CDY1B,Histone modification write,FALSE,NA,NA,NA,Yq11.23
ENSG00000182415,CDY2A,Histone modification write,FALSE,NA,NA,NA,Yq11.222
ENSG00000129873,CDY2B,Histone modification write,FALSE,NA,NA,NA,Yq11.222
ENSG00000153046,CDYL,Histone modification write,FALSE,NA,NA,NA,06p25.1
ENSG00000166446,CDYL2,Histone modification read,FALSE,NA,NA,NA,16q23.2
ENSG00000099954,CECR2,Histone modification read,FALSE,NA,NA,NA,22q11.1-q11.21
ENSG00000145241,CENPC,DNA modification,FALSE,NA,NA,NA,04q13.2
ENSG00000167670,CHAF1A,Chromatin remodeling,FALSE,NA,NA,NA,19p13.3
ENSG00000159259,CHAF1B,Chromatin remodeling,FALSE,NA,NA,NA,21q22.12-q22.13
ENSG00000131778,CHD1L,Chromatin remodeling,FALSE,NA,NA,NA,01q21.1
ENSG00000116254,CHD5,Chromatin remodeling,FALSE,NA,NA,NA,01p36.31
ENSG00000124177,CHD6,Chromatin remodeling,FALSE,NA,NA,NA,20q12
ENSG00000100888,CHD8,Chromatin remodeling,FALSE,NA,NA,NA,14q11.2
ENSG00000177200,CHD9,Chromatin remodeling,FALSE,NA,NA,NA,16q12.2
ENSG00000149554,CHEK1,Histone modification write,FALSE,NA,NA,NA,11q24.2
ENSG00000104472,CHRAC1,Histone chaperone,FALSE,NA,NA,NA,08q24.3
ENSG00000160679,CHTOP,5-Hydroxymethylcytosine plays a critical role in glioblastomagenesis by recruiting the CHTOP-methylosome complex.,FALSE,NA,NA,NA,01q21.3
ENSG00000138433,CIR1,Histone modification read,FALSE,NA,NA,NA,02q31.1
ENSG00000122966,CIT,"Histone modification write cofactor, Histone modification write cofactor",FALSE,NA,NA,NA,12q24.23
ENSG00000074201,CLNS1A,Histone modification write cofactor,FALSE,NA,NA,NA,11q14.1
ENSG00000134852,CLOCK,Histone modification write,FALSE,NA,NA,NA,04q12
ENSG00000149474,KAT14,Histone modification write,FALSE,NA,NA,NA,20p11.23
ENSG00000175029,CTBP2,Histone modification write cofactor,FALSE,NA,NA,NA,10q26.13
ENSG00000124092,CTCFL,Chromatin remodeling,FALSE,NA,NA,NA,20q13.31
ENSG00000198730,CTR9,Histone modification cofactor,FALSE,NA,NA,NA,11p15.4
ENSG00000055130,CUL1,Chromatin remodeling cofactor,FALSE,NA,NA,NA,07q36.1
ENSG00000108094,CUL2,Chromatin remodeling cofactor,FALSE,NA,NA,NA,10p11.21
ENSG00000139842,CUL4A,Histone modification write,FALSE,NA,NA,NA,13q34
ENSG00000166266,CUL5,DNA modification cofactor,FALSE,NA,NA,NA,11q22.3
ENSG00000154832,CXXC1,"Chromatin remodeling, TF",FALSE,NA,NA,NA,18q21.1
ENSG00000167657,DAPK3,Histone modification write,FALSE,NA,NA,NA,19p13.3
ENSG00000204209,DAXX,DAXX envelops a histone H3.3-H4 dimer for H3.3-specific recognition.,FALSE,NA,NA,NA,06p21.32
ENSG00000134574,DDB2,Histone modification write cofactor,FALSE,NA,NA,NA,11p11.2
ENSG00000165732,DDX21,RNA modification,FALSE,NA,NA,NA,10q22.1
ENSG00000107625,DDX50,RNA modification,FALSE,NA,NA,NA,10q22.1
ENSG00000124795,DEK,Chromatin remodeling,FALSE,NA,NA,NA,06p22.3
ENSG00000178028,DMAP1,Chromatin remodeling,FALSE,NA,NA,NA,01p34.1
ENSG00000136770,DNAJC1,"Histone modification write cofactor, Histone modification erase cofactor",FALSE,NA,NA,NA,10p12.31
ENSG00000105821,DNAJC2,Histone modification read,FALSE,NA,NA,NA,07q22.1
ENSG00000256453,DND1,RNA modification,FALSE,NA,NA,NA,05q31.3
ENSG00000142182,DNMT3L,Histone modification read,FALSE,NA,NA,NA,21q22.3
ENSG00000067334,DNTTIP2,Chromatin remodeling,FALSE,NA,NA,NA,01p22.1
ENSG00000104885,DOT1L,Histone modification write,FALSE,NA,NA,NA,19p13.3
ENSG00000011332,DPF1,Chromatin remodeling cofactor,FALSE,NA,NA,NA,19q13.2
ENSG00000205683,DPF3,Chromatin remodeling,FALSE,NA,NA,NA,14q24.2
ENSG00000187569,DPPA3,Histone modification read,FALSE,NA,NA,NA,12p13.31
ENSG00000162961,DPY30,Histone modification write cofactor,FALSE,NA,NA,NA,02p22.3
ENSG00000117505,DR1,Histone chaperone,FALSE,NA,NA,NA,01p22.1
ENSG00000163840,DTX3L,Histone modification write,FALSE,NA,NA,NA,03q21.1
ENSG00000198919,DZIP3,Histone modification write,FALSE,NA,NA,NA,03q13.13
ENSG00000169016,E2F6,TF,FALSE,NA,NA,NA,02p25.1
ENSG00000204371,EHMT2,Histone modification write,FALSE,NA,NA,NA,06p21.33
ENSG00000255302,EID1,Histone modification write cofactor,FALSE,NA,NA,NA,15q21.1
ENSG00000176396,EID2,Histone modification write cofactor,FALSE,NA,NA,NA,19q13.2
ENSG00000176401,EID2B,Histone modification erase cofactor,FALSE,NA,NA,NA,19q13.2
ENSG00000134759,ELP2,Histone modification write cofactor,FALSE,NA,NA,NA,18q12.2
ENSG00000134014,ELP3,Histone modification write,FALSE,NA,NA,NA,08p21.1
ENSG00000109911,ELP4,Histone modification write cofactor,FALSE,NA,NA,NA,11p13
ENSG00000170291,ELP5,Histone modification write cofactor,FALSE,NA,NA,NA,17p13.1
ENSG00000163832,ELP6,Histone modification write cofactor,FALSE,NA,NA,NA,03p21.31
ENSG00000120533,ENY2,Histone modification erase cofactor,FALSE,NA,NA,NA,08q23.1
ENSG00000183495,EP400,"Chromatin remodeling, Histone modification write",FALSE,NA,NA,NA,12q24.33
ENSG00000120616,EPC1,Polycomb group (PcG) protein,FALSE,NA,NA,NA,10p11.22
ENSG00000135999,EPC2,Chromatin remodeling,FALSE,NA,NA,NA,02q23.1
ENSG00000178568,ERBB4,Histone modification cofactor,FALSE,NA,NA,NA,02q34
ENSG00000171311,EXOSC1,"Scaffold protein, RNA modification",FALSE,NA,NA,NA,10q24.1
ENSG00000107371,EXOSC3,"Scaffold protein, RNA modification",FALSE,NA,NA,NA,09p13.2
ENSG00000178896,EXOSC4,"Scaffold protein, RNA modification",FALSE,NA,NA,NA,08q24.3
ENSG00000077348,EXOSC5,"Scaffold protein, RNA modification",FALSE,NA,NA,NA,19q13.2
ENSG00000223496,EXOSC6,"Scaffold protein, RNA modification",FALSE,NA,NA,NA,16q22.1
ENSG00000075914,EXOSC7,"Scaffold protein, RNA modification",FALSE,NA,NA,NA,03p21.31
ENSG00000120699,EXOSC8,"Scaffold protein, RNA modification",FALSE,NA,NA,NA,13q13.3
ENSG00000123737,EXOSC9,"Scaffold protein, RNA modification",FALSE,NA,NA,NA,04q27
ENSG00000064655,EYA2,Histone modification erase,FALSE,NA,NA,NA,20q13.12
ENSG00000158161,EYA3,Histone modification erase,FALSE,NA,NA,NA,01p35.3
ENSG00000112319,EYA4,Histone modification erase,FALSE,NA,NA,NA,06q23.2
ENSG00000108799,EZH1,"Histone modification write, Polycomb group (PcG) protein",FALSE,NA,NA,NA,17q21.2
ENSG00000163322,ABRAXAS1,Scaffold protein,FALSE,NA,NA,NA,04q21.23
ENSG00000165660,ABRAXAS2,Histone modification erase cofactor,FALSE,NA,NA,NA,10q26.13
ENSG00000105202,FBL,Histone modification write,FALSE,NA,NA,NA,19q13.2
ENSG00000156860,FBRS,Histone modification,FALSE,NA,NA,NA,16p11.2
ENSG00000112787,FBRSL1,Histone modification,FALSE,NA,NA,NA,12q24.33
ENSG00000129514,FOXA1,"Chromatin remodeling, TF",FALSE,NA,NA,NA,14q21.1
ENSG00000150907,FOXO1,TF,FALSE,NA,NA,NA,13q14.11
ENSG00000137166,FOXP4,TF,FALSE,NA,NA,NA,06p21.1
ENSG00000116717,GADD45A,Chromatin remodeling,FALSE,NA,NA,NA,01p31.3
ENSG00000099860,GADD45B,Chromatin remodeling,FALSE,NA,NA,NA,19p13.3
ENSG00000130222,GADD45G,Chromatin remodeling,FALSE,NA,NA,NA,09q22.2
ENSG00000157259,GATAD1,Histone modification read,FALSE,NA,NA,NA,07q21.2
ENSG00000167491,GATAD2A,Histone modification read,FALSE,NA,NA,NA,19p13.11
ENSG00000162676,GFI1,Chromatin remodeling,FALSE,NA,NA,NA,01p22.1
ENSG00000165702,GFI1B,Histone modification cofactor,FALSE,NA,NA,NA,09q34.13
ENSG00000140632,GLYR1,Histone modification read,FALSE,NA,NA,NA,16p13.3
ENSG00000131149,GSE1,Histone modification erase,FALSE,NA,NA,NA,16q24.1
ENSG00000177602,HASPIN,Histone modification write,FALSE,NA,NA,NA,17p13.2
ENSG00000263001,GTF2I,TF,FALSE,NA,NA,NA,07q11.23
ENSG00000125484,GTF3C4,Histone modification write,FALSE,NA,NA,NA,09q34.13
ENSG00000128708,HAT1,Histone modification write,FALSE,NA,NA,NA,02q31.1
ENSG00000111727,HCFC2,"Histone modification write cofactor, Histone modification write cofactor",FALSE,NA,NA,NA,12q23.3
ENSG00000116478,HDAC1,Histone modification erase,FALSE,NA,NA,NA,01p35.2-p35.1
ENSG00000100429,HDAC10,Histone modification erase,FALSE,NA,NA,NA,22q13.33
ENSG00000163517,HDAC11,Histone modification erase,FALSE,NA,NA,NA,03p25.1
ENSG00000196591,HDAC2,Histone modification erase,FALSE,NA,NA,NA,06q21
ENSG00000171720,HDAC3,Histone modification erase,FALSE,NA,NA,NA,05q31.3
ENSG00000108840,HDAC5,Histone modification erase,FALSE,NA,NA,NA,17q21.31
ENSG00000094631,HDAC6,Histone modification erase,FALSE,NA,NA,NA,Xp11.23
ENSG00000061273,HDAC7,Histone modification erase,FALSE,NA,NA,NA,12q13.11
ENSG00000048052,HDAC9,Histone modification erase,FALSE,NA,NA,NA,07p21.1
ENSG00000143321,HDGF,"Chromatin remodeling, TF",FALSE,NA,NA,NA,01q23.1
ENSG00000166135,HIF1AN,Histone modification erase cofactor,FALSE,NA,NA,NA,10q24.31
ENSG00000172273,HINFP,"Histone modification read, TF",FALSE,NA,NA,NA,11q23.3
ENSG00000100084,HIRA,Histone modification read,FALSE,NA,NA,NA,22q11.21
ENSG00000149929,HIRIP3,Histone modification read,FALSE,NA,NA,NA,16p11.2
ENSG00000123485,HJURP,Histone chaperone,FALSE,NA,NA,NA,02q37.1
ENSG00000159267,HLCS,Histone modification write,FALSE,NA,NA,NA,21q22.13
ENSG00000071794,HLTF,Chromatin remodeling cofactor,FALSE,NA,NA,NA,03q24
ENSG00000140382,HMG20A,Chromatin remodeling cofactor,FALSE,NA,NA,NA,15q24.3
ENSG00000064961,HMG20B,Chromatin remodeling,FALSE,NA,NA,NA,19p13.3
ENSG00000189403,HMGB1,Chromatin remodeling,FALSE,NA,NA,NA,13q12.3
ENSG00000205581,HMGN1,Chromatin remodeling,FALSE,NA,NA,NA,21q22.2
ENSG00000198830,HMGN2,Chromatin remodeling,FALSE,NA,NA,NA,01p36.11
ENSG00000118418,HMGN3,Chromatin remodeling,FALSE,NA,NA,NA,06q14.1
ENSG00000182952,HMGN4,Chromatin remodeling,FALSE,NA,NA,NA,06p22.2
ENSG00000198157,HMGN5,Chromatin remodeling,FALSE,NA,NA,NA,Xq21.1
ENSG00000127483,HP1BP3,Chromatin remodeling,FALSE,NA,NA,NA,01p36.12
ENSG00000168453,HR,Histone modification erase,FALSE,NA,NA,NA,08p21.3
ENSG00000204389,HSPA1A,"Histone modification write cofactor, Histone modification write cofactor",FALSE,NA,NA,NA,06p21.33
ENSG00000204388,HSPA1B,"Histone modification write cofactor, Histone modification write cofactor",FALSE,NA,NA,NA,06p21.33
ENSG00000185811,IKZF1,"Chromatin remodeling, TF",FALSE,NA,NA,NA,07p12.2
ENSG00000161405,IKZF3,TF,FALSE,NA,NA,NA,17q12-q21.1
ENSG00000153487,ING1,Histone modification read,FALSE,NA,NA,NA,13q34
ENSG00000168556,ING2,Histone modification read,FALSE,NA,NA,NA,04q35.1
ENSG00000071243,ING3,"Chromatin remodeling, Histone modification write cofactor",FALSE,NA,NA,NA,07q31.31
ENSG00000111653,ING4,Histone modification read,FALSE,NA,NA,NA,12p13.31
ENSG00000168395,ING5,Histone modification read,FALSE,NA,NA,NA,02q37.3
ENSG00000128908,INO80,Chromatin remodeling,FALSE,NA,NA,NA,15q15.1
ENSG00000115274,INO80B,Chromatin remodeling cofactor,FALSE,NA,NA,NA,02p13.1
ENSG00000153391,INO80C,Chromatin remodeling cofactor,FALSE,NA,NA,NA,18q12.2
ENSG00000114933,INO80D,Chromatin remodeling cofactor,FALSE,NA,NA,NA,02q33.3
ENSG00000169592,INO80E,Chromatin remodeling cofactor,FALSE,NA,NA,NA,16p11.2
ENSG00000077684,JADE1,Histone modification write,FALSE,NA,NA,NA,04q28.2
ENSG00000043143,JADE2,Histone modification write,FALSE,NA,NA,NA,05q31.1
ENSG00000102221,JADE3,Histone modification write,FALSE,NA,NA,NA,Xp11.3
ENSG00000096968,JAK2,Histone modification write,FALSE,NA,NA,NA,09p24.1
ENSG00000008083,JARID2,Histone modification write cofactor,FALSE,NA,NA,NA,06p22.3
ENSG00000140044,JDP2,"Chromatin remodeling, Histone modification erase cofactor",FALSE,NA,NA,NA,14q24.3
ENSG00000171988,JMJD1C,Histone modification erase,FALSE,NA,NA,NA,10q21.3
ENSG00000070495,JMJD6,Histone modification erase,FALSE,NA,NA,NA,17q25.1
ENSG00000139620,KANSL2,Histone modification write cofactor,FALSE,NA,NA,NA,12q13.11
ENSG00000114982,KANSL3,Histone modification write cofactor,FALSE,NA,NA,NA,02q11.2
ENSG00000108773,KAT2A,Histone modification write,FALSE,NA,NA,NA,17q21.2
ENSG00000114166,KAT2B,Histone modification write,FALSE,NA,NA,NA,03p24.3
ENSG00000136504,KAT7,Histone modification write,FALSE,NA,NA,NA,17q21.33
ENSG00000165097,KDM1B,Histone modification erase,FALSE,NA,NA,NA,06p22.3
ENSG00000173120,KDM2A,Histone modification erase,FALSE,NA,NA,NA,11q13.2
ENSG00000089094,KDM2B,Histone modification erase,FALSE,NA,NA,NA,12q24.31
ENSG00000115548,KDM3A,Histone modification erase,FALSE,NA,NA,NA,02p11.2
ENSG00000066135,KDM4A,Histone modification erase,FALSE,NA,NA,NA,01p34.2-p34.1
ENSG00000107077,KDM4C,Histone modification erase,FALSE,NA,NA,NA,09p24.1
ENSG00000186280,KDM4D,Histone modification erase,FALSE,NA,NA,NA,11q21
ENSG00000235268,KDM4E,Histone modification erase,FALSE,NA,NA,NA,11q21
ENSG00000073614,KDM5A,Histone modification erase,FALSE,NA,NA,NA,12p13.33
ENSG00000012817,KDM5D,Histone modification erase,FALSE,NA,NA,NA,Yq11.223
ENSG00000006459,KDM7A,Histone modification erase,FALSE,NA,NA,NA,07q34
ENSG00000155666,KDM8,Histone modification erase,FALSE,NA,NA,NA,16p12.1
ENSG00000079999,KEAP1,Chromatin remodeling,FALSE,NA,NA,NA,19p13.2
ENSG00000272333,KMT2B,Histone modification write,FALSE,NA,NA,NA,19q13.12
ENSG00000185513,L3MBTL1,Histone modification read,FALSE,NA,NA,NA,20q13.12
ENSG00000100395,L3MBTL2,Histone modification read,FALSE,NA,NA,NA,22q13.2
ENSG00000198945,L3MBTL3,Histone modification read,FALSE,NA,NA,NA,06q23.1
ENSG00000154655,L3MBTL4,Histone modification read,FALSE,NA,NA,NA,18p11.31
ENSG00000166477,LEO1,Histone modification write cofactor,FALSE,NA,NA,NA,15q21.2
ENSG00000161036,LRWD1,Chromatin remodeling,FALSE,NA,NA,NA,07q22.1
ENSG00000114738,MAPKAPK3,Chromatin remodeling,FALSE,NA,NA,NA,03p21.2
ENSG00000120539,MASTL,Histone modification write,FALSE,NA,NA,NA,10p12.1
ENSG00000125952,MAX,"Histone modification write cofactor, TF",FALSE,NA,NA,NA,14q23.3
ENSG00000103495,MAZ,Chromatin remodeling,FALSE,NA,NA,NA,16p11.2
ENSG00000141644,MBD1,"Histone modification write cofactor, TF",FALSE,NA,NA,NA,18q21.1
ENSG00000134046,MBD2,"Histone modification write cofactor, Histone modification erase cofactor, TF",FALSE,NA,NA,NA,18q21.2
ENSG00000071655,MBD3,Histone modification erase cofactor,FALSE,NA,NA,NA,19p13.3
ENSG00000129071,MBD4,DNA modification,FALSE,NA,NA,NA,03q21.3
ENSG00000166987,MBD6,Chromatin remodeling,FALSE,NA,NA,NA,12q13.3
ENSG00000151332,MBIP,Histone modification write cofactor,FALSE,NA,NA,NA,14q13.3
ENSG00000011258,MBTD1,Polycomb group (PcG) protein,FALSE,NA,NA,NA,17q21.33
ENSG00000187778,MCRS1,Histone modification write,FALSE,NA,NA,NA,12q13.12
ENSG00000137337,MDC1,Histone modification read,FALSE,NA,NA,NA,06p21.33
ENSG00000163875,MEAF6,Histone modification write cofactor,FALSE,NA,NA,NA,01p34.3
ENSG00000174197,MGA,"Histone modification write cofactor, TF",FALSE,NA,NA,NA,15q15
ENSG00000198408,OGA,Histone modification write,FALSE,NA,NA,NA,10q24.32
ENSG00000170854,RIOX2,Histone modification erase,FALSE,NA,NA,NA,03q11.2
ENSG00000130382,MLLT1,Chromatin remodeling cofactor,FALSE,NA,NA,NA,19p13.3
ENSG00000078403,MLLT10,Histone modification write cofactor,FALSE,NA,NA,NA,10p12.31
ENSG00000275023,MLLT6,Histone modification write cofactor,FALSE,NA,NA,NA,17q12
ENSG00000185787,MORF4L1,Histone modification read,FALSE,NA,NA,NA,15q25.1
ENSG00000123562,MORF4L2,Histone modification erase cofactor,FALSE,NA,NA,NA,Xq22.2
ENSG00000155363,MOV10,MOV10 may be directly involved in transcriptional silencing by PcG complexes.,FALSE,NA,NA,NA,01p13.2
ENSG00000196199,MPHOSPH8,Histone modification read,FALSE,NA,NA,NA,13q12.11
ENSG00000101189,MRGBP,Histone modification write cofactor,FALSE,NA,NA,NA,20q13.33
ENSG00000188895,MSL1,Histone modification write,FALSE,NA,NA,NA,17q21.1
ENSG00000174579,MSL2,Histone modification write,FALSE,NA,NA,NA,03q22.3
ENSG00000173531,MST1,Histone modification,FALSE,NA,NA,NA,03p21.31
ENSG00000182979,MTA1,Chromatin remodeling cofactor,FALSE,NA,NA,NA,14q32.33
ENSG00000149480,MTA2,Histone modification erase cofactor,FALSE,NA,NA,NA,11q12.3
ENSG00000057935,MTA3,Chromatin remodeling cofactor,FALSE,NA,NA,NA,02p21
ENSG00000143033,MTF2,Polycomb group (PcG) protein,FALSE,NA,NA,NA,01p22.1
ENSG00000160953,PWWP3A,Histone modification read,FALSE,NA,NA,NA,19p13.3
ENSG00000132382,MYBBP1A,Chromatin remodeling cofactor,FALSE,NA,NA,NA,17p13.2
ENSG00000197879,MYO1C,Chromatin remodeling cofactor,FALSE,NA,NA,NA,17p13.3
ENSG00000122390,NAA60,Histone modification write,FALSE,NA,NA,NA,16p13.3
ENSG00000187109,NAP1L1,Histone chaperone,FALSE,NA,NA,NA,12q21.1
ENSG00000186462,NAP1L2,Histone modification cofactor,FALSE,NA,NA,NA,Xq13.2
ENSG00000205531,NAP1L4,Histone modification cofactor,FALSE,NA,NA,NA,11p15.4
ENSG00000132780,NASP,Chromatin remodeling,FALSE,NA,NA,NA,01p34.1
ENSG00000135372,NAT10,Histone modification write,FALSE,NA,NA,NA,11p13
ENSG00000115053,NCL,Histone chaperone,FALSE,NA,NA,NA,02q37.1
ENSG00000084676,NCOA1,Histone modification write,FALSE,NA,NA,NA,02p23.3
ENSG00000140396,NCOA2,Chromatin remodeling cofactor,FALSE,NA,NA,NA,08q13.3
ENSG00000124151,NCOA3,Histone modification write,FALSE,NA,NA,NA,20q13.12
ENSG00000198646,NCOA6,Histone modification write cofactor,FALSE,NA,NA,NA,20q11.22
ENSG00000141027,NCOR1,Histone modification erase cofactor,FALSE,NA,NA,NA,17p12-p11.2
ENSG00000196498,NCOR2,Histone modification erase cofactor,FALSE,NA,NA,NA,12q24.31
ENSG00000119408,NEK6,Histone modification write,FALSE,NA,NA,NA,09q33.3
ENSG00000170322,NFRKB,"Chromatin remodeling cofactor, TF",FALSE,NA,NA,NA,11q24.3
ENSG00000120837,NFYB,"Chromatin remodeling, TF",FALSE,NA,NA,NA,12q23.3
ENSG00000066136,NFYC,Histone modification,FALSE,NA,NA,NA,01p34.2
ENSG00000188976,NOC2L,"Chromatin remodeling, TF",FALSE,NA,NA,NA,01p36.33
ENSG00000170485,NPAS2,"Chromatin remodeling, TF",FALSE,NA,NA,NA,02q11.2
ENSG00000181163,NPM1,Histone chaperone,FALSE,NA,NA,NA,05q35.1
ENSG00000158806,NPM2,Histone chaperone,FALSE,NA,NA,NA,08p21.3
ENSG00000117697,NSL1,Histone modification write cofactor,FALSE,NA,NA,NA,01q32.3
ENSG00000142623,PADI1,Histone modification,FALSE,NA,NA,NA,01p36.13
ENSG00000117115,PADI2,Histone modification,FALSE,NA,NA,NA,01p36.13
ENSG00000159339,PADI4,Histone modification,FALSE,NA,NA,NA,01p36.13
ENSG00000006712,PAF1,Histone modification write cofactor,FALSE,NA,NA,NA,19q13.2
ENSG00000280789,PAGR1,"Histone modification write cofactor, Histone modification write cofactor",FALSE,NA,NA,NA,16p11.2
ENSG00000180370,PAK2,Histone modification write,FALSE,NA,NA,NA,03q29
ENSG00000227345,PARG,Chromatin remodeling,FALSE,NA,NA,NA,10q11.23
ENSG00000143799,PARP1,Chromatin remodeling,FALSE,NA,NA,NA,01q42.12
ENSG00000129484,PARP2,Chromatin remodeling cofactor,FALSE,NA,NA,NA,14q11.2
ENSG00000041880,PARP3,Polycomb group (PcG) protein,FALSE,NA,NA,NA,03p21.2
ENSG00000157212,PAXIP1,Histone modification write cofactor,FALSE,NA,NA,NA,07q36.2
ENSG00000168078,PBK,Histone modification write,FALSE,NA,NA,NA,08p21.1
ENSG00000163939,PBRM1,Histone modification read,FALSE,NA,NA,NA,03p21.1
ENSG00000115289,PCGF1,Polycomb group (PcG) protein,FALSE,NA,NA,NA,02p13.1
ENSG00000185619,PCGF3,Polycomb group (PcG) protein,FALSE,NA,NA,NA,04p16.3
ENSG00000180628,PCGF5,Polycomb group (PcG) protein,FALSE,NA,NA,NA,10q23.32
ENSG00000156374,PCGF6,Polycomb group (PcG) protein,FALSE,NA,NA,NA,10q24.33
ENSG00000164951,PDP1,Histone modification read,FALSE,NA,NA,NA,08q22.1
ENSG00000141456,PELP1,"Histone modification read, Histone modification write cofactor",FALSE,NA,NA,NA,17p13.2
ENSG00000111752,PHC1,Polycomb group (PcG) protein,FALSE,NA,NA,NA,12p13.31
ENSG00000134686,PHC2,Polycomb group (PcG) protein,FALSE,NA,NA,NA,01p35.1
ENSG00000173889,PHC3,Polycomb group (PcG) protein,FALSE,NA,NA,NA,03q26.2
ENSG00000112511,PHF1,Polycomb group (PcG) protein,FALSE,NA,NA,NA,06p21.32
ENSG00000130024,PHF10,Chromatin remodeling,FALSE,NA,NA,NA,06q27
ENSG00000109118,PHF12,Histone modification erase cofactor,FALSE,NA,NA,NA,17q11.2
ENSG00000116273,PHF13,Histone modification read,FALSE,NA,NA,NA,01p36.31
ENSG00000106443,PHF14,Histone modification read,FALSE,NA,NA,NA,07p21.3
ENSG00000119403,PHF19,"Chromatin remodeling, Histone modification write cofactor",FALSE,NA,NA,NA,09q33.2
ENSG00000197724,PHF2,Histone modification erase,FALSE,NA,NA,NA,09q22.31
ENSG00000025293,PHF20,Histone modification write,FALSE,NA,NA,NA,20q11.22-q11.23
ENSG00000129292,PHF20L1,Histone modification read,FALSE,NA,NA,NA,08q24.22
ENSG00000134627,PIWIL4,"Chromatin remodeling, Histone modification erase cofactor",FALSE,NA,NA,NA,11q21
ENSG00000067225,PKM,Histone modification write cofactor,FALSE,NA,NA,NA,15q23
ENSG00000123143,PKN1,Histone modification write,FALSE,NA,NA,NA,19p13.12
ENSG00000148229,POLE3,Histone chaperone,FALSE,NA,NA,NA,09q32
ENSG00000109819,PPARGC1A,Histone modification cofactor,FALSE,NA,NA,NA,04p15.2
ENSG00000115241,PPM1G,Chromatin remodeling,FALSE,NA,NA,NA,02p23.3
ENSG00000149923,PPP4C,Histone modification erase,FALSE,NA,NA,NA,16p11.2
ENSG00000163605,PPP4R2,Histone modification cofactor,FALSE,NA,NA,NA,03p13
ENSG00000057657,PRDM1,Histone modification write cofactor,FALSE,NA,NA,NA,06q21
ENSG00000019485,PRDM11,Histone modification write,FALSE,NA,NA,NA,11p11.2
ENSG00000130711,PRDM12,Histone modification write cofactor,FALSE,NA,NA,NA,09q34.12
ENSG00000112238,PRDM13,Histone modification write,FALSE,NA,NA,NA,06q16.2
ENSG00000147596,PRDM14,DNA modification,FALSE,NA,NA,NA,08q13.3
ENSG00000142611,PRDM16,"Histone modification write cofactor, TF",FALSE,NA,NA,NA,01p36.32
ENSG00000116731,PRDM2,Histone modification write,FALSE,NA,NA,NA,01p36.21
ENSG00000110851,PRDM4,Histone modification write,FALSE,NA,NA,NA,12q23.3
ENSG00000138738,PRDM5,Histone modification write,FALSE,NA,NA,NA,04q27
ENSG00000061455,PRDM6,Histone modification write,FALSE,NA,NA,NA,05q23.2
ENSG00000126856,PRDM7,Histone modification write,FALSE,NA,NA,NA,16q24.3
ENSG00000152784,PRDM8,Histone modification write,FALSE,NA,NA,NA,04q21.21
ENSG00000164256,PRDM9,Histone modification write,FALSE,NA,NA,NA,05p14.2
ENSG00000132356,PRKAA1,Histone modification write,FALSE,NA,NA,NA,05p13.1
ENSG00000162409,PRKAA2,Histone modification write,FALSE,NA,NA,NA,01p32.2
ENSG00000111725,PRKAB1,Histone modification write cofactor,FALSE,NA,NA,NA,12q24.23
ENSG00000131791,PRKAB2,Histone modification write cofactor,FALSE,NA,NA,NA,01q21.1
ENSG00000181929,PRKAG1,Histone modification write cofactor,FALSE,NA,NA,NA,12q13.12
ENSG00000115592,PRKAG3,Histone modification write cofactor,FALSE,NA,NA,NA,02q35
ENSG00000154229,PRKCA,Histone modification write cofactor,FALSE,NA,NA,NA,17q24.2
ENSG00000166501,PRKCB,Histone modification write,FALSE,NA,NA,NA,16p12.2-p12.1
ENSG00000253729,PRKDC,Histone modification write,FALSE,NA,NA,NA,08q11.21
ENSG00000126457,PRMT1,Histone modification write,FALSE,NA,NA,NA,19q13.33
ENSG00000160310,PRMT2,Histone modification write,FALSE,NA,NA,NA,21q22.3
ENSG00000100462,PRMT5,Histone modification write,FALSE,NA,NA,NA,14q11.2
ENSG00000198890,PRMT6,Histone modification write,FALSE,NA,NA,NA,01p13.3
ENSG00000111218,PRMT8,Histone modification write,FALSE,NA,NA,NA,12p13.32
ENSG00000164169,PRMT9,Histone modification write,FALSE,NA,NA,NA,04q31.23
ENSG00000105618,PRPF31,"Histone modification write cofactor, Histone modification write cofactor",FALSE,NA,NA,NA,19q13.42
ENSG00000156858,PRR14,Histone modification write,FALSE,NA,NA,NA,16p11.2
ENSG00000164985,PSIP1,Chromatin remodeling,FALSE,NA,NA,NA,09p22.3
ENSG00000197275,RAD54B,Chromatin remodeling,FALSE,NA,NA,NA,08q22.1
ENSG00000085999,RAD54L,Chromatin remodeling,FALSE,NA,NA,NA,01p34.1
ENSG00000164080,RAD54L2,Chromatin remodeling,FALSE,NA,NA,NA,03p21.2
ENSG00000131759,RARA,"Histone modification write cofactor, TF",FALSE,NA,NA,NA,17q21.2
ENSG00000139687,RB1,"Chromatin remodeling, Histone modification write",FALSE,NA,NA,NA,13q14.2
ENSG00000162521,RBBP4,Histone chaperone,FALSE,NA,NA,NA,01p35.1
ENSG00000117222,RBBP5,Histone modification write cofactor,FALSE,NA,NA,NA,01q32.1
ENSG00000102054,RBBP7,Histone chaperone,FALSE,NA,NA,NA,Xp22.2
ENSG00000100387,RBX1,Histone modification write cofactor,FALSE,NA,NA,NA,22q13.2
ENSG00000180198,RCC1,Chromatin remodeling,FALSE,NA,NA,NA,01p35.3
ENSG00000089902,RCOR1,"Histone modification erase cofactor, Histone modification erase cofactor",FALSE,NA,NA,NA,14q32.31
ENSG00000117625,RCOR3,Histone modification erase cofactor,FALSE,NA,NA,NA,01q32.2-q32.3
ENSG00000084093,REST,"Histone modification erase cofactor, TF",FALSE,NA,NA,NA,04q12
ENSG00000204227,RING1,"Histone modification write, Polycomb group (PcG) protein",FALSE,NA,NA,NA,06p21.32
ENSG00000178966,RMI1,DNA modification,FALSE,NA,NA,NA,09q21.32
ENSG00000155827,RNF20,Histone modification write,FALSE,NA,NA,NA,09q31.1
ENSG00000103549,RNF40,Histone modification write cofactor,FALSE,NA,NA,NA,16p11.2
ENSG00000112130,RNF8,Histone modification write,FALSE,NA,NA,NA,06p21.2
ENSG00000162302,RPS6KA4,Histone modification write,FALSE,NA,NA,NA,11q13.1
ENSG00000100784,RPS6KA5,Histone modification write,FALSE,NA,NA,NA,14q32.11
ENSG00000132275,RRP8,Histone modification cofactor,FALSE,NA,NA,NA,11p15.4
ENSG00000048649,RSF1,Histone modification read,FALSE,NA,NA,NA,11q14.1
ENSG00000175792,RUVBL1,"Chromatin remodeling, Histone modification write",FALSE,NA,NA,NA,03q21.3
ENSG00000183207,RUVBL2,Chromatin remodeling cofactor,FALSE,NA,NA,NA,19q13.33
ENSG00000163602,RYBP,Polycomb group (PcG) protein,FALSE,NA,NA,NA,03p13
ENSG00000160633,SAFB,Chromatin remodeling,FALSE,NA,NA,NA,19p13.3
ENSG00000136715,SAP130,Histone modification erase cofactor,FALSE,NA,NA,NA,02q14.3
ENSG00000150459,SAP18,Histone modification erase cofactor,FALSE,NA,NA,NA,13q12.11
ENSG00000205307,SAP25,Histone modification erase cofactor,FALSE,NA,NA,NA,07q22.1
ENSG00000164105,SAP30,Histone modification erase cofactor,FALSE,NA,NA,NA,04q34.1
ENSG00000164576,SAP30L,Histone modification erase cofactor,FALSE,NA,NA,NA,05q33.2
ENSG00000010803,SCMH1,Polycomb group (PcG) protein,FALSE,NA,NA,NA,01p34.2
ENSG00000102098,SCML2,Polycomb group (PcG) protein,FALSE,NA,NA,NA,Xp22.13
ENSG00000146285,SCML4,Polycomb group (PcG) protein,FALSE,NA,NA,NA,06q21
ENSG00000079387,SENP1,Histone modification erase cofactor,FALSE,NA,NA,NA,12q13.11
ENSG00000161956,SENP3,"Histone modification erase, Histone modification write cofactor",FALSE,NA,NA,NA,17p13
ENSG00000183576,SETD3,Histone modification write,FALSE,NA,NA,NA,14q32.2
ENSG00000103037,SETD6,"Chromatin remodeling, Histone modification write",FALSE,NA,NA,NA,16q21
ENSG00000145391,SETD7,Histone modification write,FALSE,NA,NA,NA,04q31.1
ENSG00000183955,KMT5A,Histone modification write,FALSE,NA,NA,NA,12q24.31
ENSG00000143379,SETDB1,Histone modification write,FALSE,NA,NA,NA,01q21.3
ENSG00000136169,SETDB2,Histone modification write,FALSE,NA,NA,NA,13q14.2
ENSG00000170364,SETMAR,Histone modification write,FALSE,NA,NA,NA,03p26.1
ENSG00000115524,SF3B1,RNA modification,FALSE,NA,NA,NA,02q33.1
ENSG00000189091,SF3B3,RNA modification,FALSE,NA,NA,NA,16q22.1
ENSG00000163935,SFMBT1,Polycomb group (PcG) protein,FALSE,NA,NA,NA,03p21.1
ENSG00000198879,SFMBT2,"Histone modification read, Polycomb group (PcG) protein, TF",FALSE,NA,NA,NA,10p14
ENSG00000116560,SFPQ,"Chromatin remodeling cofactor, RNA modification, TF",FALSE,NA,NA,NA,01p34.3
ENSG00000146414,SHPRH,Histone modification write cofactor,FALSE,NA,NA,NA,06q24.3
ENSG00000127511,SIN3B,"Histone modification erase cofactor, TF",FALSE,NA,NA,NA,19p13.11
ENSG00000096717,SIRT1,"Histone modification erase, Histone modification write cofactor",FALSE,NA,NA,NA,10q21.3
ENSG00000068903,SIRT2,"Histone modification erase, Histone modification write cofactor",FALSE,NA,NA,NA,19q13.2
ENSG00000077463,SIRT6,Histone modification erase,FALSE,NA,NA,NA,19p13.3
ENSG00000187531,SIRT7,Histone modification erase,FALSE,NA,NA,NA,17q25.3
ENSG00000113558,SKP1,Histone modification write cofactor,FALSE,NA,NA,NA,05q31.1
ENSG00000102038,SMARCA1,"Chromatin remodeling, Histone modification erase",FALSE,NA,NA,NA,Xq25-q26.1
ENSG00000153147,SMARCA5,Chromatin remodeling,FALSE,NA,NA,NA,04q31.21
ENSG00000138375,SMARCAL1,Chromatin remodeling,FALSE,NA,NA,NA,02q35
ENSG00000173473,SMARCC1,Chromatin remodeling cofactor,FALSE,NA,NA,NA,03p21.31
ENSG00000108604,SMARCD2,Chromatin remodeling cofactor,FALSE,NA,NA,NA,17q23.3
ENSG00000082014,SMARCD3,Chromatin remodeling cofactor,FALSE,NA,NA,NA,07q36.1
ENSG00000100796,PPP4R3A,Histone modification erase cofactor,FALSE,NA,NA,NA,14q32.12
ENSG00000275052,PPP4R3B,Histone modification erase cofactor,FALSE,NA,NA,NA,02p16.1
ENSG00000115593,SMYD1,Histone modification write,FALSE,NA,NA,NA,02p11.2
ENSG00000143499,SMYD2,Histone modification write,FALSE,NA,NA,NA,01q32.3
ENSG00000185420,SMYD3,Histone modification write,FALSE,NA,NA,NA,01q44
ENSG00000186532,SMYD4,Histone modification erase cofactor,FALSE,NA,NA,NA,17p13.3
ENSG00000185591,SP1,"Chromatin remodeling, TF",FALSE,NA,NA,NA,12q13.13
ENSG00000067066,SP100,Chromatin remodeling cofactor,FALSE,NA,NA,NA,02q37.1
ENSG00000079263,SP140,"Histone modification read, TF",FALSE,NA,NA,NA,02q37.1
ENSG00000065526,SPEN,"Histone modification erase cofactor, TF",FALSE,NA,NA,NA,01p36.21-p36.13
ENSG00000136450,SRSF1,RNA modification,FALSE,NA,NA,NA,17q22
ENSG00000112081,SRSF3,RNA modification,FALSE,NA,NA,NA,06p21.31-p21.2
ENSG00000184402,SS18L1,Chromatin remodeling,FALSE,NA,NA,NA,20q13.33
ENSG00000008324,SS18L2,Chromatin remodeling,FALSE,NA,NA,NA,03p22.1
ENSG00000149136,SSRP1,Chromatin remodeling,FALSE,NA,NA,NA,11q12.1
ENSG00000101109,STK4,Histone modification write,FALSE,NA,NA,NA,20q13.12
ENSG00000111707,SUDS3,Histone modification erase cofactor,FALSE,NA,NA,NA,12q24.23
ENSG00000196284,SUPT3H,Histone modification write cofactor,FALSE,NA,NA,NA,06p21.1
ENSG00000109111,SUPT6H,Histone modification erase cofactor,FALSE,NA,NA,NA,17q11.2
ENSG00000119760,SUPT7L,Histone chaperone,FALSE,NA,NA,NA,02p23.3
ENSG00000101945,SUV39H1,"Histone modification write, Histone modification write",FALSE,NA,NA,NA,Xp11.23
ENSG00000152455,SUV39H2,Histone modification write,FALSE,NA,NA,NA,10p13
ENSG00000133247,KMT5C,Histone modification write,FALSE,NA,NA,NA,19q13.42
ENSG00000135316,SYNCRIP,RNA modification,FALSE,NA,NA,NA,06q14.3
ENSG00000152382,TADA1,Histone chaperone,FALSE,NA,NA,NA,01q24.1
ENSG00000276234,TADA2A,"Histone modification read, TF",FALSE,NA,NA,NA,17q12
ENSG00000173011,TADA2B,Histone modification write cofactor,FALSE,NA,NA,NA,04p16.1
ENSG00000171148,TADA3,Histone modification write cofactor,FALSE,NA,NA,NA,03p25.3
ENSG00000166337,TAF10,"Histone chaperone, Histone modification write",FALSE,NA,NA,NA,11p15.4
ENSG00000120656,TAF12,"Histone chaperone, Histone modification write",FALSE,NA,NA,NA,01p35.3
ENSG00000122728,TAF1L,Histone modification read,FALSE,NA,NA,NA,09p21.1
ENSG00000165632,TAF3,Histone modification read,FALSE,NA,NA,NA,10p14
ENSG00000130699,TAF4,Histone chaperone,FALSE,NA,NA,NA,20q13.33
ENSG00000148835,TAF5,Histone modification write cofactor,FALSE,NA,NA,NA,10q24.33
ENSG00000135801,TAF5L,Histone modification write cofactor,FALSE,NA,NA,NA,01q42.13
ENSG00000162227,TAF6L,Histone chaperone,FALSE,NA,NA,NA,11q12.3
ENSG00000178913,TAF7,"Histone modification write cofactor, Histone modification write cofactor",FALSE,NA,NA,NA,05q31.3
ENSG00000137413,TAF8,Histone chaperone,FALSE,NA,NA,NA,06p21.1
ENSG00000273841,TAF9,Histone chaperone,FALSE,NA,NA,NA,05q13.2
ENSG00000187325,TAF9B,Histone chaperone,FALSE,NA,NA,NA,Xq21.1
ENSG00000139372,TDG,DNA modification,FALSE,NA,NA,NA,12q23.3
ENSG00000083544,TDRD3,Histone modification read,FALSE,NA,NA,NA,13q21.2
ENSG00000196116,TDRD7,Histone modification read,FALSE,NA,NA,NA,09q22.33
ENSG00000182134,TDRKH,RNA modification,FALSE,NA,NA,NA,01q21.3
ENSG00000138336,TET1,DNA modification,FALSE,NA,NA,NA,10q21.3
ENSG00000168769,TET2,DNA modification,FALSE,NA,NA,NA,04q24
ENSG00000136891,TEX10,"Histone modification write cofactor, Histone modification write cofactor",FALSE,NA,NA,NA,09q31.1
ENSG00000198176,TFDP1,Histone modification,FALSE,NA,NA,NA,13q34
ENSG00000105619,TFPT,"Chromatin remodeling cofactor, DNA modification",FALSE,NA,NA,NA,19q13.42
ENSG00000196781,TLE1,"Chromatin remodeling, Histone modification cofactor",FALSE,NA,NA,NA,09q21.32
ENSG00000065717,TLE2,Histone modification cofactor,FALSE,NA,NA,NA,19p13.3
ENSG00000106829,TLE4,"Histone modification erase cofactor, TF",FALSE,NA,NA,NA,09q21.31
ENSG00000198586,TLK1,Histone modification write,FALSE,NA,NA,NA,02q31.1
ENSG00000118245,TNP1,Chromatin remodeling,FALSE,NA,NA,NA,02q35
ENSG00000178279,TNP2,Chromatin remodeling,FALSE,NA,NA,NA,16p13.13
ENSG00000160949,TONSL,Chromatin remodeling,FALSE,NA,NA,NA,08q24.3
ENSG00000131747,TOP2A,Chromatin remodeling,FALSE,NA,NA,NA,17q21.2
ENSG00000077097,TOP2B,Chromatin remodeling,FALSE,NA,NA,NA,03p24.2
ENSG00000067369,TP53BP1,Histone modification read,FALSE,NA,NA,NA,15q15.3
ENSG00000221926,TRIM16,Histone modification write,FALSE,NA,NA,NA,17p12
ENSG00000122779,TRIM24,Histone modification read,FALSE,NA,NA,NA,07q33-q34
ENSG00000204713,TRIM27,Histone modification erase cofactor,FALSE,NA,NA,NA,06p22.1
ENSG00000130726,TRIM28,Histone modification read,FALSE,NA,NA,NA,19q13.43
ENSG00000197323,TRIM33,Histone modification read,FALSE,NA,NA,NA,01p13.2
ENSG00000178093,TSSK6,Histone modification write,FALSE,NA,NA,NA,19p13.11
ENSG00000112742,TTK,Histone modification write cofactor,FALSE,NA,NA,NA,06q14.1
ENSG00000162971,TYW5,RNA modification,FALSE,NA,NA,NA,02q33.1
ENSG00000119048,UBE2B,Histone modification write,FALSE,NA,NA,NA,05q31.1
ENSG00000072401,UBE2D1,Histone modification write,FALSE,NA,NA,NA,10q21.1
ENSG00000109332,UBE2D3,Histone modification write,FALSE,NA,NA,NA,04q24
ENSG00000170142,UBE2E1,Histone modification write,FALSE,NA,NA,NA,03p24.2
ENSG00000186591,UBE2H,Histone modification write,FALSE,NA,NA,NA,07q32.2
ENSG00000177889,UBE2N,Histone modification write,FALSE,NA,NA,NA,12q22
ENSG00000077152,UBE2T,Histone modification write,FALSE,NA,NA,NA,01q32.1
ENSG00000118900,UBN1,Histone modification write cofactor,FALSE,NA,NA,NA,16p13.3
ENSG00000024048,UBR2,Histone modification write,FALSE,NA,NA,NA,06p21.1
ENSG00000104517,UBR5,"Chromatin remodeling, Histone modification write cofactor",FALSE,NA,NA,NA,08q22.3
ENSG00000012963,UBR7,DNA modification cofactor,FALSE,NA,NA,NA,14q32.12
ENSG00000116750,UCHL5,Histone modification erase cofactor,FALSE,NA,NA,NA,01q31.2
ENSG00000276043,UHRF1,"Histone modification read, Histone modification write cofactor",FALSE,NA,NA,NA,19p13.3
ENSG00000147854,UHRF2,Histone modification read,FALSE,NA,NA,NA,09p24.1
ENSG00000087206,UIMC1,Histone modification read,FALSE,NA,NA,NA,05q35.2
ENSG00000102226,USP11,Histone modification erase cofactor,FALSE,NA,NA,NA,Xp11.3
ENSG00000152484,USP12,Histone modification erase,FALSE,NA,NA,NA,13q12.13
ENSG00000135655,USP15,Histone modification erase,FALSE,NA,NA,NA,12q14.1
ENSG00000156256,USP16,Histone modification erase,FALSE,NA,NA,NA,21q21
ENSG00000223443,USP17L2,Histone modification erase cofactor,FALSE,NA,NA,NA,08p23.1
ENSG00000143258,USP21,Histone modification erase,FALSE,NA,NA,NA,01q23.3
ENSG00000124422,USP22,Histone modification write cofactor,FALSE,NA,NA,NA,17p11.2
ENSG00000140455,USP3,Histone modification write,FALSE,NA,NA,NA,15q22.31
ENSG00000055483,USP36,Histone modification write cofactor,FALSE,NA,NA,NA,17q25.3
ENSG00000136014,USP44,Histone modification erase,FALSE,NA,NA,NA,12q22
ENSG00000109189,USP46,Histone modification erase,FALSE,NA,NA,NA,04q12
ENSG00000164663,USP49,Histone modification erase,FALSE,NA,NA,NA,06p21.1
ENSG00000183878,UTY,Histone modification erase,FALSE,NA,NA,NA,Yq11.221
ENSG00000163159,VPS72,Histone modification write cofactor,FALSE,NA,NA,NA,01q21.3
ENSG00000196363,WDR5,Histone modification read,FALSE,NA,NA,NA,09q34.2
ENSG00000116455,WDR77,Histone modification write,FALSE,NA,NA,NA,01p13.2
ENSG00000164091,WDR82,Histone modification write cofactor,FALSE,NA,NA,NA,03p21.2
ENSG00000147548,NSD3,"Chromatin remodeling cofactor, TF",FALSE,NA,NA,NA,08p11.23
ENSG00000176871,WSB2,Histone modification write,FALSE,NA,NA,NA,12q24.23
ENSG00000015153,YAF2,Chromatin remodeling cofactor,FALSE,NA,NA,NA,12q12
ENSG00000163872,YEATS2,Histone chaperone,FALSE,NA,NA,NA,03q27.1
ENSG00000127337,YEATS4,Histone modification write cofactor,FALSE,NA,NA,NA,12q15
ENSG00000166913,YWHAB,Histone modification erase cofactor,FALSE,NA,NA,NA,20q13.12
ENSG00000108953,YWHAE,Histone modification erase cofactor,FALSE,NA,NA,NA,17p13.3
ENSG00000164924,YWHAZ,Histone modification read,FALSE,NA,NA,NA,08q22.3
ENSG00000109906,ZBTB16,Histone modification erase cofactor,FALSE,NA,NA,NA,11q23.2
ENSG00000177485,ZBTB33,"Histone modification write cofactor, Histone modification erase cofactor, TF",FALSE,NA,NA,NA,Xq24
ENSG00000184828,ZBTB7C,Histone modification cofactor,FALSE,NA,NA,NA,18q21.1
ENSG00000078487,ZCWPW1,Histone modification read,FALSE,NA,NA,NA,07q22.1
ENSG00000204644,ZFP57,TF,FALSE,NA,NA,NA,06p22.1
ENSG00000197114,ZGPAT,TF,FALSE,NA,NA,NA,20q13.33
ENSG00000165156,ZHX1,"Chromatin remodeling, Histone modification write cofactor",FALSE,NA,NA,NA,08q24.13
ENSG00000121741,ZMYM2,"Histone modification erase cofactor, TF",FALSE,NA,NA,NA,13q12.11
ENSG00000147130,ZMYM3,Histone modification erase cofactor,FALSE,NA,NA,NA,Xq13.1
ENSG00000101040,ZMYND8,Histone modification erase cofactor,FALSE,NA,NA,NA,20q13.12
ENSG00000171940,ZNF217,"Histone modification erase cofactor, TF",FALSE,NA,NA,NA,20q13.2
ENSG00000101493,ZNF516,"Histone modification erase cofactor, TF",FALSE,NA,NA,NA,18q23
ENSG00000074657,ZNF532,Histone modification erase cofactor,FALSE,NA,NA,NA,18q21.32
ENSG00000118156,ZNF541,Chromatin remodeling,FALSE,NA,NA,NA,19q13.33
ENSG00000166716,ZNF592,Histone modification erase cofactor,FALSE,NA,NA,NA,15q25.3
ENSG00000143373,ZNF687,Histone modification erase cofactor,FALSE,NA,NA,NA,01q21.3
ENSG00000106400,ZNHIT1,"Chromatin remodeling cofactor, Histone modification erase cofactor",FALSE,NA,NA,NA,07q22.1
ENSG00000121988,ZRANB3,"Chromatin remodeling, Histone modification read cofactor",FALSE,NA,NA,NA,02q21.3
ENSG00000036549,ZZZ3,Histone modification read,FALSE,NA,NA,NA,01p31.1
